{"amplitude": 0.14411182424486474, "exponent": 1.7573610608756878, "residual": 365.13275164515267}