{"amplitude": 0.00026791200000024783, "exponent": 1.9999999999995166, "residual": 0.18861004799999612}