{"amplitude": 6.192609470541029e-05, "exponent": 2.1055512242478907, "residual": 23.179895727118698}