{"amplitude": 1.4644250862673707e-07, "exponent": 2.079123566733899, "residual": -0.00540083789995234}