{"img_stk_0_vmin": 0.0, "img_stk_0_vmax": 1.0, "ttcf_vmin": 0, "ttcf_vmax": 1.409498265066382, "sum_img_stk_0_vmin": 5.163349628448486, "sum_img_stk_0_vmax": 43.75117874145508}